{
    "⭐⭐⭐ 🤩 TIG Family Feud 🤩 ⭐⭐⭐":[],
    "You keep this near your Butsudan":[["Bell","63"],["New Human Revolution","7"],["Beads","5"],["Gosho","4"]],
    "You keep this in your Fridge":[["Milk","39"],["Vegetables","13"],["Eggs","11"],["Juice","9"],["Cheese","9"]],
    "Name a color of the Rainbow":[["Red","7"],["Orange","9"],["Yellow","9"],["Green","4"],["Blue","3"],["Purple/violet","3"],["Indigo","10"]],
    "Name something you might see at the beach":[["Ocean/Water","39"],["Sand","13"],["People","7"],["Crabs","9"]],
    "Name the eternal guidelines of SGI":[["Faith for a harmonious family","39"],["Faith for achieving happiness","13"],["Faith for overcoming obstacles","7"],["Faith for health and long life","9"],["Faith for absolute victory","25"]]
}

